{"cameraMode":{"drawMode":0,"name":"Shaded","section":"Shading Mode"},"sceneLighting":false,"audioPlay":false,"sceneViewState":{"showFog":false,"showMaterialUpdate":false,"showSkybox":false,"showFlares":false,"showImageEffects":false,"showParticleSystems":false},"in2DMode":false,"pivot":{"x":-0.7999258041381836,"y":-0.1433248519897461,"z":0.602872371673584},"rotation":{"x":-0.10810267925262451,"y":0.8242645263671875,"z":-0.16821090877056123,"w":-0.5297235250473023},"size":11.081336975097657,"orthographic":false}